Time, Distance, SPM, Pace, Force Plot
2.76,8.2,0,165.650381236,19,19,39,39,47,53,53,59,59,62,62,68,68,68,69,69,68,70,70,69,69,67,64,64,61,59,59,55,53,53,50,48,48,45,45,44,40,40,37,28,28,20,9,9,6
5.33,15.4,24,167.859313078,20,33,33,41,48,48,55,55,59,62,62,60,60,61,62,62,65,66,66,64,62,62,60,57,57,53,52,52,48,46,46,42,40,40,38,34,34,31,23,23,15,5,5,0
7.82,22.4,23,179.02461006,16,16,27,39,39,48,52,52,55,55,60,61,61,61,61,61,65,68,68,70,70,69,68,68,64,62,62,58,56,51,51,49,45,45,43,41,41,37,32,32,24,16,9,9,7
10.56,30.4,24,174.384562563,14,14,22,22,30,40,40,47,47,52,54,54,58,58,59,60,60,59,62,62,62,62,62,61,59,59,57,55,55,52,50,50,51,48,48,42,38,38,36,34,34,28,19,7,7,4
17.13,46.8,22,172.657869323,
